url,status,canonical,title,description,h1,h1_count,word_count,bytes,incoming_pages,crawl_depth
https://calculatorst.com/gravel-calculator/,200,['https://calculatorst.com/gravel-calculator/'],"Gravel Calculator — Yards, Tons, Metric Volume & CostLive gravel calculator project diagram","['Calculate gravel in cubic yards, cubic meters, US tons and metric tonnes with material density presets, separate compaction and waste allowances, plus optional cost.']",Gravel Calculator,1,1810,117881,217,1
https://calculatorst.com/concrete-slab-calculator/,200,['https://calculatorst.com/concrete-slab-calculator/'],"Concrete Slab Calculator — Yards, Bags, Cost & Thickened EdgesLive concrete slab calculator diagram","['Calculate rectangular or circular slab concrete, 40/50/60/80-lb bags, waste, weight, thickened edges, gravel base and supplier-rounded ready-mix quantity.']",Concrete Slab Calculator,1,2187,132282,29,1
https://calculatorst.com/roof-pitch-calculator/,200,['https://calculatorst.com/roof-pitch-calculator/'],"Roof Pitch Calculator — Pitch, Angle, Slope & Rafter LengthLive roof pitch calculator geometry diagram","['Calculate roof pitch from rise and run, angle, pitch per 12, or rafter length. Get pitch ratio, degrees, slope percent, multiplier and rafter geometry in US or metric units.']",Roof Pitch Calculator,1,1775,109502,217,1
https://calculatorst.com/paver-calculator/,200,['https://calculatorst.com/paver-calculator/'],"Paver Calculator — Paver Count, Rows, Columns & CostLive paver grid and order diagram","['Estimate straight-layout paver rows, columns, installed pavers and order quantity from area dimensions, paver size, joint width and purchasing allowance.']",Paver Calculator,1,1415,104778,15,2
https://calculatorst.com/mulch-calculator/,200,['https://calculatorst.com/mulch-calculator/'],"Mulch Calculator — Cubic Yards, Bags, Coverage & CostLive mulch calculator bed diagram","['Calculate mulch in cubic yards and whole bags from bed dimensions and depth, with coverage, purchasing allowance and optional bulk-yard or per-bag cost.']",Mulch Calculator,1,1389,106007,9,2
https://calculatorst.com/concrete-calculator/,200,['https://calculatorst.com/concrete-calculator/'],"Concrete Calculator — Cubic Yards, Bags, Weight & CostLive concrete calculator project diagram","['Calculate concrete for slabs, walls, footings and cylinders in cubic yards, bags and weight, with waste allowance and optional material cost.']",Concrete Calculator,1,2605,135303,217,1
https://calculatorst.com/rebar-calculator/,200,['https://calculatorst.com/rebar-calculator/'],"Rebar Calculator — Grid, Quantity, Stock Bars & CostLive rebar grid takeoff diagram","['Calculate a slab rebar grid from dimensions, centerline edge offset and maximum spacing, with bar counts, equalized centers, total footage, stock bars, weight and cost.']",Rebar Calculator,1,2052,115042,26,2
https://calculatorst.com/brick-calculator/,200,['https://calculatorst.com/brick-calculator/'],"Brick Calculator — Bricks, Wythes, Weight & CostLive brick wall takeoff diagram","['Calculate brick quantity from wall dimensions or known area using actual brick size, mortar joint and wythes, with waste, order weight and optional unit cost.']",Brick Calculator,1,1827,117610,13,2
https://calculatorst.com/concrete-block-calculator/,200,['https://calculatorst.com/concrete-block-calculator/'],"Concrete Block Calculator — Blocks, Courses, Weight & CostLive concrete block wall takeoff diagram","['Calculate concrete blocks from wall dimensions, openings, specified block dimensions and mortar joint, with courses, blocks per course, waste, shipment weight and optional cost.']",Concrete Block Calculator,1,1752,114389,10,2
https://calculatorst.com/excavation-calculator/,200,['https://calculatorst.com/excavation-calculator/'],Excavation Calculator — Bank/Loose Yards & Sloped SidesLive excavation bank and loose-volume diagram,"['Excavation Calculator — calculate in-place bank volume, loose haul volume and bank volume and related estimates from your measurements. US customary &...']",Excavation Calculator,1,1660,108823,17,1
https://calculatorst.com/earthwork-calculator/,200,['https://calculatorst.com/earthwork-calculator/'],"Earthwork Calculator — Bank, Loose & Compacted VolumeLive earthwork bank, loose, and compacted volume diagram","['Calculate bank earthwork from dimensions or known volume, then show loose and compacted equivalents from entered swell/shrink factors plus optional bank-yard cost.']",Earthwork Calculator,1,1683,113026,5,1
https://calculatorst.com/roofing-calculator/,200,['https://calculatorst.com/roofing-calculator/'],"Roofing Calculator — Roof Area, Squares & Material PackagesLive roofing calculator geometry diagram","['Calculate sloped roof surface from building footprint, overhang and pitch, then show allowance-adjusted material area, roofing squares and metric area.']",Roofing Calculator,1,2031,122501,6,2
https://calculatorst.com/flooring-calculator/,200,['https://calculatorst.com/flooring-calculator/'],"Flooring Calculator — Area, Coverage & CostLive flooring calculator layout diagram","['Calculate net floor area, allowance-adjusted coverage, whole packages to order, purchased coverage and optional material cost from product package coverage.']",Flooring Calculator,1,1798,112340,13,1
https://calculatorst.com/carpet-calculator/,200,['https://calculatorst.com/carpet-calculator/'],"Carpet Calculator — Roll Width, Square Yards & CostLive carpet calculator roll-strip diagram","['Calculate carpet purchase area, square yards, roll-strip layout, linear roll length, offcut area and optional cost from room dimensions and roll width.']",Carpet Calculator,1,1727,109586,4,1
https://calculatorst.com/tile-calculator/,200,['https://calculatorst.com/tile-calculator/'],"Tile Calculator — Tiles, Boxes, Layout & CostLive tile calculator layout diagram","['Calculate straight-layout tile rows, columns, whole-tile and whole-box quantity from surface and tile dimensions, with grout joint, allowance and optional box/area pricing.']",Tile Calculator,1,1800,118075,14,1
https://calculatorst.com/drywall-calculator/,200,['https://calculatorst.com/drywall-calculator/'],"Drywall Calculator — Room Walls, Ceiling & Sheet CountLive drywall room takeoff diagram","['Estimate drywall sheets for a rectangular room from wall dimensions, openings, optional ceiling area, sheet coverage and purchasing allowance.']",Drywall Calculator,1,1626,110188,15,1
https://calculatorst.com/paint-calculator/,200,['https://calculatorst.com/paint-calculator/'],"Paint Calculator — Wall Area, Gallons & ContainersLive paint calculator room diagram","['Estimate wall paint from room dimensions, excluded openings, coat count, product coverage, container size and purchasing allowance.']",Paint Calculator,1,1711,109855,14,1
https://calculatorst.com/deck-calculator/,200,['https://calculatorst.com/deck-calculator/'],"Deck Calculator — Boards, Joist Lines, Fasteners & CostLive deck board and joist takeoff diagram","['Estimate straight-layout deck boards, stock-board quantity, joist lines, fasteners, surface area and optional board cost from entered project dimensions.']",Deck Calculator,1,1811,113663,217,1
https://calculatorst.com/fence-calculator/,200,['https://calculatorst.com/fence-calculator/'],"Fence Calculator — Posts, Sections, Panels & SpacingLive fence post and panel layout","['Estimate installed fence posts and sections or panels from a continuous run and specified maximum post spacing, with spare quantities and optional panel cost.']",Fence Calculator,1,1683,106339,217,1
https://calculatorst.com/asphalt-calculator/,200,['https://calculatorst.com/asphalt-calculator/'],"Asphalt Calculator — Tons, Yards & Cost from Area & ThicknessLive asphalt pavement quantity diagram","['Estimate compacted asphalt volume, tons and optional material cost from area, compacted thickness, editable mix density and purchasing allowance.']",Asphalt Calculator,1,1739,111543,13,2
