slug,primary_query,dominant_intent,secondary_topics,overlap_review,specific_recommendation,cluster,title,description,model_key,formula,generic_only_faq,authored_guidance_count,model_primary_reference_count
concrete-calculator,concrete calculator,Multi-shape concrete quantity / order estimate,concrete yards; bags of concrete; concrete volume,"Volume, slab, cost and pour: broad entry point; shape tools add detail",Explain requested waste versus supplier rounding and direct users to the Waste tool.,concrete,"Concrete Calculator — Cubic Yards, Bags, Weight & Cost","Calculate concrete for slabs, walls, footings and cylinders in cubic yards, bags and weight, with waste allowance and optional material cost.",concrete,Slab/footing: V = length × width × thickness × quantity. Wall: V = length × height × thickness × quantity. Cylinder: V = π × (D/2)² × H × quantity.,False,4,2
paint-calculator,paint calculator,Paint volume and whole containers for four room walls,paint gallons; how much paint; wall paint,"Wall Paint, Primer and Paint Cost currently share the paint model","Add useful questions about coats, ceiling exclusion, porous surfaces and container rounding; clarify price per selected container.",drywall,"Paint Calculator — Wall Area, Gallons & Containers","Estimate wall paint from room dimensions, excluded openings, coat count, product coverage, container size and purchasing allowance.",paint,Wall area = 2 × (room length + room width) × wall height − excluded area; paint = area × coats × allowance factor / coverage.,True,0,1
gravel-calculator,gravel calculator,"Bulk gravel volume, weight and supplier quantity",gravel yards; gravel tons; how much gravel,Crushed Stone and aggregate are material-specific variations,Source density presets to supplier/product references where possible; clearly label compacted vs loose state.,gravel,"Gravel Calculator — Yards, Tons, Metric Volume & Cost","Calculate gravel from dimensions, known area or volume with density presets or custom density, separate compaction and waste allowances, metric/US outputs and optional cost.",gravel-general-dedicated,"Measured gravel volume comes from dimensions, known area × depth or known volume. Order volume = measured volume × (1 + compaction allowance) × (1 + waste allowance). Weight = order cubic yards × selected or custom bulk density.",False,0,0
mulch-calculator,mulch calculator,Mulch volume and bags for measured rectangular beds,mulch yards; mulch bags; mulch coverage,"Mulch Cost prices a known quantity, separate from geometry",Avoid duplicated how-much-mulch questions; cite reliable depth/placement guidance only where actually discussed.,landscaping,"Mulch Calculator — Yards, Bags & Cost","Estimate mulch in cubic yards and whole bags from bed dimensions, placed depth, identical beds, bag volume and purchasing allowance.",mulch,Mulch volume = length × width × depth × beds; bags = ceil(volume × allowance factor / bag volume).,False,0,0
roofing-calculator,roofing calculator,Sloped roof area and packaged roofing materials,roofing squares; roof material estimate,Roof Area is geometry; Shingle tools are product-specific packages,Guide irregular roofs and effective package coverage; do not imply bundles universally equal one-third of a square.,roofing,"Roofing Calculator — Roof Area, Squares & Material Packages","Calculate sloped roof surface from building footprint, overhang and pitch, then show allowance-adjusted material area, roofing squares and metric area.",roofing-general-dedicated,Roof area comes from footprint × slope multiplier or known sloped area. Allowance-adjusted area is divided by each product’s effective coverage for whole package counts.,False,2,1
roof-pitch-calculator,roof pitch calculator,"Convert pitch, angle, slope and straight rafter geometry",pitch to degrees; rise and run; roof slope,Roof Slope offers same formulas/near-identical intent,Maintain clear primary pitch ownership; investigate actual GSC overlap before consolidating Roof Slope.,roofing,"Roof Pitch Calculator — Ratio, Angle & Slope","Convert roof rise and run or supported pitch inputs into pitch ratio, angle, percent slope and roof-surface multiplier.",roof-pitch-dedicated,Slope = rise/run = tan(angle) = pitch/12. Angle = atan(slope). Surface multiplier = √(1+slope²). Rafter length = run × multiplier; reverse mode uses rise = √(rafter² − run²).,False,2,3
flooring-calculator,flooring calculator,"Floor area, allowance and whole package coverage",flooring boxes; room flooring area,"Hardwood, Laminate, Vinyl reuse the same formula and defaults",Add material-specific installation/coverage guidance on satellite pages; link quantities to broader flooring tool.,flooring,"Flooring Calculator — Area, Coverage & Cost","Calculate net floor area, allowance-adjusted coverage, whole packages to order, purchased coverage and optional material cost from product package coverage.",flooring-general-dedicated,"Net area = length × width − excluded area. Pattern allowance and waste are applied separately, then order area is divided by package coverage.",False,2,0
carpet-calculator,carpet calculator,Roll-strip purchase area and carpet quantity,carpet roll calculator; linear carpet length,Carpet Cost shares roll-strip formula plus pricing,Explain seam orientation and that fixed orientation may not find the minimum purchased layout.,flooring,"Carpet Calculator — Roll Width, Square Yards & Cost","Calculate carpet purchase area, square yards, roll-strip layout, linear roll length, offcut area and optional cost from room dimensions and roll width.",carpet-dedicated,Strips = ceil(room width / roll width); purchased length = strips × room length × allowance factor; purchased area = purchased length × roll width.,False,2,0
tile-calculator,tile calculator,Straight-layout tile count and whole boxes,how many tiles; tile boxes; tile quantity,Tile Quantity repeats the same formula,Specify when an area-only result differs from full row/column count and joint allowances.,flooring,"Tile Calculator — Tiles, Boxes, Layout & Cost","Calculate straight-layout tile rows, columns, whole-tile and whole-box quantity from surface and tile dimensions, with grout joint, allowance and optional box/area pricing.",tile-dedicated,"Tile count uses tile face area and, in rectangular-dimension mode, a conservative full-row/full-column layout. Boxes = ceil(order tiles / tiles per box).",False,2,1
concrete-slab-calculator,concrete slab calculator,"Slab quantity, bags, edge concrete and subbase",slab yards; slab bags; concrete pad,General Concrete handles multiple shapes; Slab Cost broader cost,Keep unique slab outputs prominent; cite product bag yield rather than using competitors as formula authorities.,concrete,"Concrete Slab Calculator — Yards, 40–80 lb Bags & Cost","Calculate slab concrete from length, width and thickness in cubic feet and yards, with 40/50/60/80-lb bag counts, waste allowance, weight and optional cost.",concrete-slab,Rectangle: V = L × W × T × Q. Circle: V = π × (D/2)² × T × Q. Thickened edge (planning approximation): V_edge = perimeter × edge_width × (edge_depth − T) × Q. Optional subbase: V_base = footprint area × base depth × Q. Supplier rounding: ceil(order ÷ increment) × increment.,False,0,2
drywall-calculator,drywall calculator,"Wall/ceiling sheet takeoff, coverage and ordering",drywall sheets; Sheetrock calculator,Drywall Sheet is known-area sheet coverage,Add sheet orientation and openings guidance plus seams/offcut limitations; replace generic Reset FAQ with practical drywall questions.,drywall,"Drywall Calculator — Room Walls, Ceiling & Sheet Count","Estimate drywall sheets for a rectangular room from wall dimensions, openings, optional ceiling area, sheet coverage and purchasing allowance.",drywall,Area = 2 × (length + width) × height + optional ceiling area − openings; sheets = ceil(area × allowance factor / sheet area).,True,0,0
fence-calculator,fence calculator,Fence-run material layout and post/panel/picket quantity,fence posts; fence panels; pickets,Fence Post/Panel/Picket should own narrower purchasing tasks,"Add questions about gates breaking runs, both fence sides and individual runs; confirm content matches implemented modes.",deck-fence,"Fence Calculator — Posts, Sections, Panels & Spacing","Estimate installed fence posts and sections or panels from a continuous run and specified maximum post spacing, with spare quantities and optional panel cost.",fence,Sections = ceil(run length / maximum post spacing); posts = sections + 1 + additional posts.,True,0,0
deck-calculator,deck calculator,Deck-board rows and stock board quantity,deck boards; decking calculator,Deck Board uses the identical deck model,"Explain direction, gaps, stock board joints and cut optimization limits; differentiate broader project page from boards-only page.",deck-fence,"Deck Calculator — Boards, Joist Lines, Fasteners & Cost","Estimate straight-layout deck boards, stock-board quantity, joist lines, fasteners, surface area and optional board cost from entered project dimensions.",deck,Rows = ceil((deck width + gap)/(board width + gap)); boards per row = ceil(deck length / stock length); total boards = rows × boards per row.,True,0,0
paver-calculator,paver calculator,"Straight modular paver layout, base and sand",paver count; patio pavers; paver base,Brick Paver adds brick-specific context; Base and Sand handle layers,Add border/curved area and effective modular dimensions guidance; retain clear layer units.,landscaping,"Paver Calculator — Paver Count, Rows, Columns & Cost","Estimate straight-layout paver rows, columns, installed pavers and order quantity from area dimensions, paver size, joint width and allowance.",paver,Rows = ceil((area width + joint) / (paver width + joint)); columns = ceil((area length + joint) / (paver length + joint)); installed pavers = rows × columns; order quantity = ceil(installed pavers × allowance factor).,False,0,0
asphalt-calculator,asphalt calculator,Compacted asphalt volume and weight,asphalt tons; blacktop quantity,Asphalt Driveway and Parking Lot reuse bulk model,Add practical tonnage/density/compacted-thickness FAQs; differentiate geometry from cost pages.,asphalt,"Asphalt Calculator — Tons, Yards & Cost from Area & Thickness","Estimate compacted asphalt volume, tons and optional material cost from area, compacted thickness, editable mix density and purchasing allowance.",bulk,Volume = length × width × depth × sections; order volume = volume × (1 + allowance / 100); weight = order volume × density.,True,0,1
brick-calculator,brick calculator,Modular wall brick takeoff including joint and wythes,bricks per square foot; how many bricks,Brick Wall layout; Brick Quantity order quantity; Veneer single layer,"Link brick waste, joint and weight when relevant; avoid making gross course counts look opening-adjusted.",brick,"Brick Calculator — Bricks, Wythes, Weight & Cost","Calculate brick quantity from wall dimensions or known area using actual brick size, mortar joint and wythes, with waste, order weight and optional unit cost.",brick-general-dedicated,Net face area is divided by the installed brick module face; brick count is multiplied by wythes and purchasing allowance.,False,2,1
concrete-block-calculator,concrete block calculator,"Modular block count, wall layout and shipment estimate",cinder blocks; concrete blocks; CMU blocks,CMU presets and Block Wall overlap but add layout/product workflows,Explain nominal versus actual dimensions and face-shell/full-bed mortar; retain block weight source limitations.,cmu,"Concrete Block Calculator — Blocks, Courses, Weight & Cost","Calculate concrete blocks from wall dimensions, openings, specified block dimensions and mortar joint, with courses, blocks per course, waste, shipment weight and optional cost.",concrete-block-dedicated,"Net wall area ÷ installed CMU module face, rounded up; purchasing allowance then increases block order quantity.",False,2,2
rebar-calculator,rebar calculator,"Grid takeoff, stock equivalent, weight and cost",rebar grid; rebar quantity; reinforcement takeoff,"Grid, Spacing, Length and Cost own narrower tasks",Keep entered design inputs clear; explain stock equivalent is not an optimized cut/splice schedule.,rebar,"Rebar Calculator — Grid, Quantity, Stock Bars & Cost","Calculate a slab rebar grid from dimensions, centerline edge offset and maximum spacing, with bar counts, equalized centers, total footage, stock bars, weight and cost.",rebar-general-dedicated,Grid dimensions = slab dimensions − 2 × centerline offset. Bar count per direction = ceil(usable dimension / max spacing) + 1. Total cut length = count × perpendicular grid dimension.,False,3,2
excavation-calculator,excavation calculator,"Excavation geometry, bank and loose haul volume",excavation yards; trench excavation; swell,Earthwork handles state conversion; Excavation Cost prices work,"Explain sloped sides, average-depth approximation and project-specific swell; provide genuine process example.",excavation,Excavation Calculator — Bank/Loose Yards & Sloped Sides,"Calculate excavation bank volume for vertical or entered sloped sides, plus top dimensions, swell-adjusted loose haul volume, metric volume and optional bank-yard cost.",excavation-general-dedicated,Bank volume integrates the expanding rectangular excavation from bottom dimensions and entered side slope. Loose haul volume = bank volume × (1 + swell/100).,False,0,1
earthwork-calculator,earthwork calculator,Bank/loose/compacted state conversion,earthwork swell; shrink; compacted soil volume,Cut and Fill balances quantities; Excavation derives cut geometry,Correct stale FAQ denying shrink/compaction despite current shrink input and compacted-equivalent model.,excavation,"Earthwork Calculator — Bank, Loose & Compacted Volume","Calculate bank earthwork from dimensions or known volume, then show loose and compacted equivalents from entered swell/shrink factors plus optional bank-yard cost.",earthwork-dedicated,Bank volume comes from dimensions or direct entry. Loose volume = bank × (1 + swell); compacted equivalent = bank × (1 − shrink).,False,0,1
